"Class","Library","Total Instances","Total Size","Total Dart Heap Size","Total External Size","New Space Instances","New Space Size","New Space Dart Heap Size","New Space External Size","Old Space Instances","Old Space Size","Old Space Dart Heap Size","Old Space External Size"
Message,package:nym_bar/models/message.dart,4621,1626592,1626592,0,0,0,0,0,4621,1626592,1626592,0
User,package:nym_bar/models/user.dart,487,54544,54544,0,0,0,0,0,487,54544,54544,0
GeoRelay,package:nym_bar/services/api/api_client.dart,839,26848,26848,0,0,0,0,0,839,26848,26848,0
ConsumerStatefulElement,package:flutter_riverpod/src/consumer.dart,137,24112,24112,0,0,0,0,0,137,24112,24112,0
UserProfile,package:nym_bar/models/user.dart,187,17952,17952,0,0,0,0,0,187,17952,17952,0
CustomEmojiPack,package:nym_bar/features/emoji/custom_emoji.dart,330,15840,15840,0,0,0,0,0,330,15840,15840,0
MultiImageStreamCompleter,package:cached_network_image/src/image_provider/multi_image_stream_completer.dart,60,11520,11520,0,0,0,0,0,60,11520,11520,0
CachedNetworkImageProvider,package:cached_network_image/src/image_provider/cached_network_image_provider.dart,118,11328,11328,0,32,3072,3072,0,86,8256,8256,0
ProviderElement,package:riverpod/src/provider.dart,51,9792,9792,0,0,0,0,0,51,9792,9792,0
SoundNote,package:nym_bar/features/notifications/notification_sounds.dart,87,8352,8352,0,0,0,0,0,87,8352,8352,0
_TightLongPressGestureRecognizer,package:nym_bar/widgets/chat/message_row.dart,23,8096,8096,0,0,0,0,0,23,8096,8096,0
Provider,package:riverpod/src/provider.dart,155,7440,7440,0,52,2496,2496,0,103,4944,4944,0
_ParseCacheKey,package:nym_bar/features/messages/format/nym_format.dart,115,7360,7360,0,20,1280,1280,0,95,6080,6080,0
ShopStatusActive,package:nym_bar/services/api/storage_sync.dart,138,6624,6624,0,0,0,0,0,138,6624,6624,0
CachedNetworkImage,package:cached_network_image/src/cached_image_widget.dart,28,5824,5824,0,28,5824,5824,0,0,0,0,0
ResultData,package:riverpod/src/result.dart,179,5728,5728,0,71,2272,2272,0,108,3456,3456,0
ShopItem,package:nym_bar/features/shop/shop_models.dart,51,5712,5712,0,0,0,0,0,51,5712,5712,0
OctoImage,package:octo_image/src/image/image.dart,28,5376,5376,0,28,5376,5376,0,0,0,0,0
ImageHandler,package:octo_image/src/image/image_handler.dart,28,5376,5376,0,28,5376,5376,0,0,0,0,0
RenderPictureVectorGraphic,package:vector_graphics/src/render_vector_graphic.dart,24,4608,4608,0,0,0,0,0,24,4608,4608,0
MessageReaction,package:nym_bar/state/app_state.dart,139,4448,4448,0,0,0,0,0,139,4448,4448,0
VectorGraphic,package:vector_graphics/src/vector_graphics.dart,24,3840,3840,0,21,3360,3360,0,3,480,480,0
KindStat,package:nym_bar/services/relay/relay_stats.dart,117,3744,3744,0,0,0,0,0,117,3744,3744,0
SvgPicture,package:flutter_svg/svg.dart,24,3456,3456,0,21,3024,3024,0,3,432,432,0
EphemeralKey,package:nym_bar/features/groups/group_logic.dart,108,3456,3456,0,0,0,0,0,108,3456,3456,0
MessageGroupEntry,package:nym_bar/widgets/chat/message_row.dart,107,3424,3424,0,107,3424,3424,0,0,0,0,0
TextSpanNode,package:nym_bar/features/messages/format/nym_format.dart,204,3264,3264,0,0,0,0,0,204,3264,3264,0
StateNotifierProviderElement,package:riverpod/src/state_notifier_provider.dart,15,3120,3120,0,0,0,0,0,15,3120,3120,0
_ConsumerState,package:flutter_riverpod/src/consumer.dart,65,3120,3120,0,0,0,0,0,65,3120,3120,0
InlineNetworkImage,package:nym_bar/features/messages/inline_network_image.dart,32,3072,3072,0,32,3072,3072,0,0,0,0,0
CacheObject,package:flutter_cache_manager/src/storage/cache_object.dart,36,2880,2880,0,0,0,0,0,36,2880,2880,0
_SwipeToActState,package:nym_bar/widgets/chat/message_row.dart,20,2880,2880,0,0,0,0,0,20,2880,2880,0
MessageRow,package:nym_bar/widgets/chat/message_row.dart,20,2880,2880,0,20,2880,2880,0,0,0,0,0
CommandSpec,package:nym_bar/features/commands/command_registry.dart,33,2640,2640,0,0,0,0,0,33,2640,2640,0
ModLogEntry,package:nym_bar/models/group.dart,50,2400,2400,0,0,0,0,0,50,2400,2400,0
SvgStringLoader,package:flutter_svg/src/loaders.dart,49,2352,2352,0,21,1008,1008,0,28,1344,1344,0
_MultiImageStreamCompleterHandle,package:cached_network_image/src/image_provider/multi_image_stream_completer.dart,72,2304,2304,0,0,0,0,0,72,2304,2304,0
StaticFactoryConfig,package:pointycastle/src/registry/registry.dart,72,2304,2304,0,0,0,0,0,72,2304,2304,0
_GuaranteeSink,package:stream_channel/src/guarantee_channel.dart,28,2240,2240,0,0,0,0,0,28,2240,2240,0
Color,package:vector_graphics_compiler/src/paint.dart,139,2224,2224,0,0,0,0,0,139,2224,2224,0
ParagraphBlock,package:nym_bar/features/messages/format/nym_format.dart,129,2064,2064,0,0,0,0,0,129,2064,2064,0
_RegisteredElement,package:scrollable_positioned_list/src/element_registry.dart,16,2048,2048,0,0,0,0,0,16,2048,2048,0
_InlineNetworkImageState,package:nym_bar/features/messages/inline_network_image.dart,32,2048,2048,0,0,0,0,0,32,2048,2048,0
Matrix4,package:vector_math/vector_math_64.dart,125,2000,2000,0,47,752,752,0,78,1248,1248,0
ProxyElementValueNotifier,package:riverpod/src/listenable.dart,31,1984,1984,0,0,0,0,0,31,1984,1984,0
MentionNode,package:nym_bar/features/messages/format/nym_format.dart,61,1952,1952,0,0,0,0,0,61,1952,1952,0
_TimestampTextState,package:nym_bar/widgets/chat/message_row.dart,40,1920,1920,0,0,0,0,0,40,1920,1920,0
_SwipeToAct,package:nym_bar/widgets/chat/message_row.dart,20,1920,1920,0,20,1920,1920,0,0,0,0,0
BotCommand,package:nym_bar/features/nymbot/bot_commands.dart,30,1920,1920,0,0,0,0,0,30,1920,1920,0
_RichInline,package:nym_bar/features/messages/format/message_content.dart,20,1920,1920,0,20,1920,1920,0,0,0,0,0
_VectorGraphicWidgetState,package:vector_graphics/src/vector_graphics.dart,24,1920,1920,0,0,0,0,0,24,1920,1920,0
MessageContent,package:nym_bar/features/messages/format/message_content.dart,20,1920,1920,0,20,1920,1920,0,0,0,0,0
ChannelEntry,package:nym_bar/models/channel.dart,59,1888,1888,0,0,0,0,0,59,1888,1888,0
_ShardSocket,package:nym_bar/services/relay/relay_pool_proxy.dart,13,1872,1872,0,0,0,0,0,13,1872,1872,0
CosmeticNymBadges,package:nym_bar/features/shop/cosmetics.dart,28,1792,1792,0,28,1792,1792,0,0,0,0,0
UserCosmetics,package:nym_bar/features/shop/cosmetics.dart,34,1632,1632,0,0,0,0,0,34,1632,1632,0
_PmEntry,package:nym_bar/widgets/sidebar/sidebar.dart,51,1632,1632,0,51,1632,1632,0,0,0,0,0
ChannelListItem,package:nym_bar/widgets/sidebar/channel_list_item.dart,20,1600,1600,0,20,1600,1600,0,0,0,0,0
_MessageRowState,package:nym_bar/widgets/chat/message_row.dart,20,1600,1600,0,0,0,0,0,20,1600,1600,0
_TimestampText,package:nym_bar/widgets/chat/message_row.dart,20,1600,1600,0,20,1600,1600,0,0,0,0,0
CosmeticAura,package:nym_bar/features/shop/cosmetics.dart,10,1600,1600,0,0,0,0,0,10,1600,1600,0
Group,package:nym_bar/models/group.dart,9,1584,1584,0,0,0,0,0,9,1584,1584,0
_RawPictureVectorGraphicWidget,package:vector_graphics/src/vector_graphics.dart,24,1536,1536,0,21,1344,1344,0,3,192,192,0
StyleWatermark,package:nym_bar/features/shop/cosmetics.dart,19,1520,1520,0,0,0,0,0,19,1520,1520,0
EmojiNode,package:nym_bar/features/messages/format/nym_format.dart,90,1440,1440,0,0,0,0,0,90,1440,1440,0
SvgCacheKey,package:flutter_svg/src/loaders.dart,45,1440,1440,0,0,0,0,0,45,1440,1440,0
PMListItem,package:nym_bar/widgets/sidebar/pm_list_item.dart,18,1440,1440,0,18,1440,1440,0,0,0,0,0
PMConversation,package:nym_bar/models/pm_conversation.dart,42,1344,1344,0,0,0,0,0,42,1344,1344,0
_OctoImageState,package:octo_image/src/image/image.dart,28,1344,1344,0,0,0,0,0,28,1344,1344,0
NostrFilter,package:nym_bar/services/relay/relay_message.dart,21,1344,1344,0,0,0,0,0,21,1344,1344,0
GuaranteeChannel,package:stream_channel/src/guarantee_channel.dart,28,1344,1344,0,0,0,0,0,28,1344,1344,0
NymAvatar,package:nym_bar/widgets/common/nym_avatar.dart,28,1344,1344,0,28,1344,1344,0,0,0,0,0
StateProviderElement,package:riverpod/src/state_provider.dart,6,1344,1344,0,0,0,0,0,6,1344,1344,0
_ScrollFlashOverlayState,package:nym_bar/widgets/chat/message_row.dart,20,1280,1280,0,0,0,0,0,20,1280,1280,0
_ChannelLocationLineState,package:nym_bar/widgets/sidebar/channel_list_item.dart,20,1280,1280,0,0,0,0,0,20,1280,1280,0
_SidebarRowGesturesState,package:nym_bar/widgets/sidebar/sidebar_row_gestures.dart,20,1280,1280,0,0,0,0,0,20,1280,1280,0
MessageStyleVisual,package:nym_bar/features/shop/shop_models.dart,20,1280,1280,0,0,0,0,0,20,1280,1280,0
NotificationEntry,package:nym_bar/state/app_state.dart,13,1248,1248,0,0,0,0,0,13,1248,1248,0
NymSvgIcon,package:nym_bar/widgets/nym_icons.dart,25,1200,1200,0,21,1008,1008,0,4,192,192,0
DynamicFactoryConfig,package:pointycastle/src/registry/registry.dart,37,1184,1184,0,0,0,0,0,37,1184,1184,0
NymColors,package:nym_bar/core/theme/nym_colors.dart,6,1056,1056,0,0,0,0,0,6,1056,1056,0
_MessageGroupState,package:nym_bar/widgets/chat/message_row.dart,16,1024,1024,0,0,0,0,0,16,1024,1024,0
MessageGroup,package:nym_bar/widgets/chat/message_row.dart,16,1024,1024,0,16,1024,1024,0,0,0,0,0
UserListItem,package:nym_bar/widgets/sidebar/user_list_item.dart,20,960,960,0,20,960,960,0,0,0,0,0
_ScrollFlashOverlay,package:nym_bar/widgets/chat/message_row.dart,20,960,960,0,20,960,960,0,0,0,0,0
_StickyGroupAvatar,package:nym_bar/widgets/chat/message_row.dart,15,960,960,0,15,960,960,0,0,0,0,0
SidebarRowMenuButton,package:nym_bar/widgets/sidebar/sidebar_row_menu_button.dart,20,960,960,0,20,960,960,0,0,0,0,0
SidebarRowGestures,package:nym_bar/widgets/sidebar/sidebar_row_gestures.dart,20,960,960,0,20,960,960,0,0,0,0,0
_ChannelLocationLine,package:nym_bar/widgets/sidebar/channel_list_item.dart,20,960,960,0,20,960,960,0,0,0,0,0
StateNotifierProvider,package:riverpod/src/state_notifier_provider.dart,15,960,960,0,0,0,0,0,15,960,960,0
_PictureKey,package:vector_graphics/src/vector_graphics.dart,20,960,960,0,0,0,0,0,20,960,960,0
IOWebSocketChannel,package:web_socket_channel/io.dart,14,896,896,0,0,0,0,0,14,896,896,0
_IdenticonPainter,package:nym_bar/widgets/common/nym_avatar.dart,28,896,896,0,28,896,896,0,0,0,0,0
_NymAvatarState,package:nym_bar/widgets/common/nym_avatar.dart,28,896,896,0,0,0,0,0,28,896,896,0
RenderVisibilityDetector,package:visibility_detector/src/render_visibility_detector.dart,4,832,832,0,0,0,0,0,4,832,832,0
MessageStyleDecoration,package:nym_bar/features/shop/cosmetics.dart,5,800,800,0,1,160,160,0,4,640,640,0
NostrController,package:nym_bar/state/nostr_controller.dart,1,784,784,0,0,0,0,0,1,784,784,0
OwnedItem,package:nym_bar/features/shop/shop_models.dart,12,768,768,0,0,0,0,0,12,768,768,0
Register64,package:pointycastle/src/ufixnum.dart,24,768,768,0,0,0,0,0,24,768,768,0
_StickyGroupAvatarState,package:nym_bar/widgets/chat/message_row.dart,15,720,720,0,0,0,0,0,15,720,720,0
CtxAction,package:nym_bar/widgets/context_menu/context_menu_actions.dart,22,704,704,0,0,0,0,0,22,704,704,0
NativeSecp256k1,package:coinlib/src/secp256k1/secp256k1.ffi.g.dart,1,688,688,0,0,0,0,0,1,688,688,0
SvgPathSegType,package:path_parsing/src/path_segment_type.dart,20,640,640,0,0,0,0,0,20,640,640,0
ApiClient,package:nym_bar/services/api/api_client.dart,8,640,640,0,0,0,0,0,8,640,640,0
BotPMCommand,package:nym_bar/features/nymbot/nymbot_models.dart,20,640,640,0,0,0,0,0,20,640,640,0
PictureInfo,package:vector_graphics/src/listener.dart,20,640,640,0,0,0,0,0,20,640,640,0
_PictureData,package:vector_graphics/src/vector_graphics.dart,20,640,640,0,0,0,0,0,20,640,640,0
VerifiedBadge,package:nym_bar/widgets/context_menu/profile_badges.dart,13,624,624,0,7,336,336,0,6,288,288,0
_MentionChip,package:nym_bar/features/messages/format/message_content.dart,13,624,624,0,13,624,624,0,0,0,0,0
SoundDescriptor,package:nym_bar/features/notifications/notification_sounds.dart,19,608,608,0,0,0,0,0,19,608,608,0
_UnreadPill,package:nym_bar/widgets/sidebar/channel_list_item.dart,19,608,608,0,19,608,608,0,0,0,0,0
_FlairGlow,package:nym_bar/features/shop/shop_widgets.dart,19,608,608,0,0,0,0,0,19,608,608,0
Permission,package:permission_handler_platform_interface/permission_handler_platform_interface.dart,36,576,576,0,0,0,0,0,36,576,576,0
ProModel,package:nym_bar/features/nymbot/nymbot_models.dart,12,576,576,0,0,0,0,0,12,576,576,0
TutorialStep,package:nym_bar/features/onboarding/tutorial_overlay.dart,12,576,576,0,0,0,0,0,12,576,576,0
FormatTool,package:nym_bar/widgets/chat/composer_format.dart,9,576,576,0,0,0,0,0,9,576,576,0
ATTErrorArgs,package:bluetooth_low_energy_darwin/src/api.g.dart,18,576,576,0,0,0,0,0,18,576,576,0
ApiActionStat,package:nym_bar/services/relay/relay_stats.dart,16,512,512,0,0,0,0,0,16,512,512,0
ItemPosition,package:scrollable_positioned_list/src/item_positions_listener.dart,16,512,512,0,16,512,512,0,0,0,0,0
BlendMode,package:vector_graphics_compiler/src/paint.dart,16,512,512,0,0,0,0,0,16,512,512,0
RegisteredElementWidget,package:scrollable_positioned_list/src/element_registry.dart,16,512,512,0,16,512,512,0,0,0,0,0
_NavSection,package:nym_bar/widgets/sidebar/sidebar.dart,3,480,480,0,3,480,480,0,0,0,0,0
GroupEphemeralKeys,package:nym_bar/features/groups/group_logic.dart,10,480,480,0,0,0,0,0,10,480,480,0
_FadeWidgetState,package:octo_image/src/image/fade_widget.dart,6,480,480,0,0,0,0,0,6,480,480,0
QuoteBlock,package:nym_bar/features/messages/format/nym_format.dart,15,480,480,0,0,0,0,0,15,480,480,0
_WebSocketSink,package:web_socket_channel/adapter_web_socket_channel.dart,14,448,448,0,0,0,0,0,14,448,448,0
_Decoded,package:nym_bar/features/messages/inline_network_image.dart,14,448,448,0,0,0,0,0,14,448,448,0
StreamChannelController,package:stream_channel/src/stream_channel_controller.dart,14,448,448,0,0,0,0,0,14,448,448,0
IOWebSocket,package:web_socket/src/io_web_socket.dart,14,448,448,0,0,0,0,0,14,448,448,0
RelayShard,package:nym_bar/services/relay/relay_pool_proxy.dart,13,416,416,0,0,0,0,0,13,416,416,0
_ComposerState,package:nym_bar/widgets/chat/composer.dart,1,400,400,0,0,0,0,0,1,400,400,0
FadeWidget,package:octo_image/src/image/fade_widget.dart,6,384,384,0,6,384,384,0,0,0,0,0
_PausableAnimatedImageState,package:nym_bar/features/messages/pausable_animated_image.dart,4,384,384,0,0,0,0,0,4,384,384,0
StateProvider,package:riverpod/src/state_provider.dart,6,384,384,0,0,0,0,0,6,384,384,0
StateController,package:riverpod/src/state_controller.dart,6,384,384,0,0,0,0,0,6,384,384,0
AppStateNotifier,package:nym_bar/state/app_state.dart,1,368,368,0,0,0,0,0,1,368,368,0
_RenderMeasuredMaxHeight,package:nym_bar/features/messages/format/message_content.dart,2,352,352,0,0,0,0,0,2,352,352,0
_RenderEmojiBaselineDrop,package:nym_bar/features/messages/inline_network_image.dart,2,352,352,0,0,0,0,0,2,352,352,0
Settings,package:nym_bar/models/settings.dart,1,352,352,0,0,0,0,0,1,352,352,0
FriendBadge,package:nym_bar/widgets/context_menu/profile_badges.dart,11,352,352,0,6,192,192,0,5,160,160,0
UnboundedRenderViewport,package:scrollable_positioned_list/src/viewport.dart,1,336,336,0,0,0,0,0,1,336,336,0
Subscription,package:nym_bar/services/relay/relay_pool.dart,3,336,336,0,0,0,0,0,3,336,336,0
TutorialTarget,package:nym_bar/features/onboarding/tutorial_overlay.dart,10,320,320,0,0,0,0,0,10,320,320,0
PausableAnimatedImage,package:nym_bar/features/messages/pausable_animated_image.dart,4,320,320,0,4,320,320,0,0,0,0,0
NostrService,package:nym_bar/services/nostr/nostr_service.dart,1,304,304,0,0,0,0,0,1,304,304,0
_BubbleGroup,package:nym_bar/widgets/chat/message_skeleton.dart,9,288,288,0,0,0,0,0,9,288,288,0
DrawCommandType,package:vector_graphics_compiler/src/vector_instructions.dart,9,288,288,0,0,0,0,0,9,288,288,0
FontWeight,package:vector_graphics_compiler/src/paint.dart,9,288,288,0,0,0,0,0,9,288,288,0
NymThemeKey,package:nym_bar/core/theme/nym_colors.dart,6,288,288,0,0,0,0,0,6,288,288,0
StorageSync,package:nym_bar/services/api/storage_sync.dart,1,288,288,0,0,0,0,0,1,288,288,0
_ColumnDesc,package:nym_bar/widgets/columns/columns_deck.dart,4,256,256,0,0,0,0,0,4,256,256,0
AuthResult,package:local_auth_darwin/src/messages.g.dart,8,256,256,0,0,0,0,0,8,256,256,0
_IconBtn,package:nym_bar/widgets/chat/composer.dart,4,256,256,0,0,0,0,0,4,256,256,0
RTCIceConnectionState,package:webrtc_interface/src/enums.dart,8,256,256,0,0,0,0,0,8,256,256,0
CommandHooks,package:nym_bar/features/commands/command_handler.dart,2,256,256,0,0,0,0,0,2,256,256,0
_HlClass,package:nym_bar/features/messages/format/message_content.dart,8,256,256,0,0,0,0,0,8,256,256,0
_CurrentSection,package:vector_graphics_codec/vector_graphics_codec.dart,8,256,256,0,0,0,0,0,8,256,256,0
_ReactionBadgeState,package:nym_bar/widgets/chat/message_row.dart,3,240,240,0,0,0,0,0,3,240,240,0
VisibilityDetector,package:visibility_detector/src/visibility_detector.dart,5,240,240,0,5,240,240,0,0,0,0,0
StreamProviderElement,package:riverpod/src/stream_provider.dart,1,240,240,0,0,0,0,0,1,240,240,0
MeshService,package:nym_bar/services/mesh/mesh_service.dart,1,240,240,0,0,0,0,0,1,240,240,0
XmlNodeType,package:xml/src/xml/enums/node_type.dart,7,224,224,0,0,0,0,0,7,224,224,0
FutureProviderElement,package:riverpod/src/future_provider.dart,1,224,224,0,0,0,0,0,1,224,224,0
_CheckPainter,package:nym_bar/widgets/context_menu/profile_badges.dart,7,224,224,0,7,224,224,0,0,0,0,0
TriggerKind,package:nym_bar/features/autocomplete/autocomplete_triggers.dart,7,224,224,0,0,0,0,0,7,224,224,0
AppState,package:nym_bar/state/app_state.dart,1,224,224,0,1,224,224,0,0,0,0,0
RelayStats,package:nym_bar/services/relay/relay_stats.dart,2,224,224,0,0,0,0,0,2,224,224,0
RelayPoolProxy,package:nym_bar/services/relay/relay_pool_proxy.dart,1,224,224,0,0,0,0,0,1,224,224,0
_CachedAuth,package:nym_bar/services/api/api_client.dart,7,224,224,0,0,0,0,0,7,224,224,0
InlineEmojiText,package:nym_bar/features/messages/format/message_content.dart,2,224,224,0,2,224,224,0,0,0,0,0
_ColumnsDeckState,package:nym_bar/widgets/columns/columns_deck.dart,1,208,208,0,0,0,0,0,1,208,208,0
CallState,package:nym_bar/features/calls/call_state.dart,1,208,208,0,0,0,0,0,1,208,208,0
SvgAttributes,package:vector_graphics_compiler/src/svg/parser.dart,1,208,208,0,0,0,0,0,1,208,208,0
NotifierProviderElement,package:riverpod/src/notifier.dart,1,208,208,0,0,0,0,0,1,208,208,0
_FriendBadgePainter,package:nym_bar/widgets/context_menu/profile_badges.dart,6,192,192,0,6,192,192,0,0,0,0,0
_ActionButtonState,package:nym_bar/widgets/sidebar/sidebar.dart,4,192,192,0,0,0,0,0,4,192,192,0
_Accents,package:nym_bar/core/theme/nym_theme.dart,6,192,192,0,0,0,0,0,6,192,192,0
RTCSignalingState,package:webrtc_interface/src/enums.dart,6,192,192,0,0,0,0,0,6,192,192,0
GlyphTile,package:nym_bar/features/shop/cosmetics.dart,4,192,192,0,0,0,0,0,4,192,192,0
RTCPeerConnectionState,package:webrtc_interface/src/enums.dart,6,192,192,0,0,0,0,0,6,192,192,0
_ReactionBadge,package:nym_bar/widgets/chat/message_row.dart,3,192,192,0,3,192,192,0,0,0,0,0
UnboundedCustomScrollView,package:scrollable_positioned_list/src/scroll_view.dart,1,192,192,0,1,192,192,0,0,0,0,0
_ActionButton,package:nym_bar/widgets/sidebar/sidebar.dart,4,192,192,0,4,192,192,0,0,0,0,0
ProviderFamily,package:riverpod/src/provider.dart,3,192,192,0,0,0,0,0,3,192,192,0
BotCommandGroup,package:nym_bar/features/nymbot/bot_commands.dart,6,192,192,0,0,0,0,0,6,192,192,0
_IconBtnState,package:nym_bar/widgets/chat/composer.dart,4,192,192,0,0,0,0,0,4,192,192,0
GroupControlResult,package:nym_bar/features/groups/group_logic.dart,6,192,192,0,0,0,0,0,6,192,192,0
BluetoothLowEnergyStateArgs,package:bluetooth_low_energy_darwin/src/api.g.dart,6,192,192,0,0,0,0,0,6,192,192,0
_MiniIcon,package:nym_bar/widgets/sidebar/sidebar.dart,4,192,192,0,4,192,192,0,0,0,0,0
PermissionStatus,package:permission_handler_platform_interface/permission_handler_platform_interface.dart,6,192,192,0,0,0,0,0,6,192,192,0
_SidebarState,package:nym_bar/widgets/sidebar/sidebar.dart,1,176,176,0,0,0,0,0,1,176,176,0
ScrollablePositionedList,package:scrollable_positioned_list/src/scrollable_positioned_list.dart,1,176,176,0,1,176,176,0,0,0,0,0
BleMeshTransport,package:nym_bar/services/mesh/transport/ble_mesh_transport.dart,1,176,176,0,0,0,0,0,1,176,176,0
BotChatController,package:nym_bar/features/nymbot/nymbot_providers.dart,1,160,160,0,0,0,0,0,1,160,160,0
PqRootAction,package:nym_bar/features/identity/pq_root.dart,5,160,160,0,0,0,0,0,5,160,160,0
CallService,package:nym_bar/features/calls/call_service.dart,1,160,160,0,0,0,0,0,1,160,160,0
PlayerState,package:audioplayers_platform_interface/src/api/player_state.dart,5,160,160,0,0,0,0,0,5,160,160,0
QrCodeElement,package:qr_flutter/src/types.dart,5,160,160,0,0,0,0,0,5,160,160,0
DeliveryStatus,package:nym_bar/models/message.dart,5,160,160,0,0,0,0,0,5,160,160,0
LocalizationService,package:nym_bar/features/i18n/localization_service.dart,1,160,160,0,0,0,0,0,1,160,160,0
ImageFormat,package:vector_graphics_compiler/src/image/image_info.dart,5,160,160,0,0,0,0,0,5,160,160,0
_BuyPhase,package:nym_bar/features/shop/shop_modal.dart,5,160,160,0,0,0,0,0,5,160,160,0
ShopTab,package:nym_bar/features/shop/shop_models.dart,5,160,160,0,0,0,0,0,5,160,160,0
BluetoothLowEnergyState,package:bluetooth_low_energy_platform_interface/src/bluetooth_low_energy_state.dart,5,160,160,0,0,0,0,0,5,160,160,0
MeshUiState,package:nym_bar/features/mesh/mesh_controller.dart,2,160,160,0,0,0,0,0,2,160,160,0
TextDecorationStyle,package:vector_graphics_compiler/src/paint.dart,5,160,160,0,0,0,0,0,5,160,160,0
_GroupListItem,package:nym_bar/widgets/sidebar/sidebar.dart,2,160,160,0,2,160,160,0,0,0,0,0
_Phase,package:nym_bar/features/zaps/zap_modal.dart,5,160,160,0,0,0,0,0,5,160,160,0
TransceiverDirection,package:webrtc_interface/src/enums.dart,5,160,160,0,0,0,0,0,5,160,160,0
_Token,package:nym_bar/services/mesh/noise/noise_handshake.dart,5,160,160,0,0,0,0,0,5,160,160,0
MeshController,package:nym_bar/features/mesh/mesh_controller.dart,1,160,160,0,0,0,0,0,1,160,160,0
GATTCharacteristicProperty,package:bluetooth_low_energy_platform_interface/src/gatt.dart,5,160,160,0,0,0,0,0,5,160,160,0
PositionedList,package:scrollable_positioned_list/src/positioned_list.dart,1,160,160,0,1,160,160,0,0,0,0,0
GATTCharacteristicPropertyArgs,package:bluetooth_low_energy_darwin/src/api.g.dart,5,160,160,0,0,0,0,0,5,160,160,0
AudioEventType,package:audioplayers_platform_interface/src/api/audio_event.dart,5,160,160,0,0,0,0,0,5,160,160,0
CallPhase,package:nym_bar/features/calls/call_signaling.dart,5,160,160,0,0,0,0,0,5,160,160,0
CommandCategory,package:nym_bar/features/commands/command_registry.dart,5,160,160,0,0,0,0,0,5,160,160,0
_DeckColumn,package:nym_bar/widgets/columns/columns_deck.dart,1,160,160,0,1,160,160,0,0,0,0,0
MeshTransportAvailability,package:nym_bar/services/mesh/transport/mesh_transport.dart,5,160,160,0,0,0,0,0,5,160,160,0
_ZapBadgeState,package:nym_bar/features/zaps/zap_badge.dart,2,160,160,0,0,0,0,0,2,160,160,0
TypingIndicatorRow,package:nym_bar/widgets/chat/typing_indicator.dart,5,160,160,0,1,32,32,0,4,128,128,0
BotChatState,package:nym_bar/features/nymbot/nymbot_providers.dart,2,160,160,0,0,0,0,0,2,160,160,0
_UncontrolledProviderScopeElement,package:flutter_riverpod/src/framework.dart,1,144,144,0,0,0,0,0,1,144,144,0
NotificationHistoryNotifier,package:nym_bar/state/app_state.dart,1,144,144,0,0,0,0,0,1,144,144,0
_MiniIconState,package:nym_bar/widgets/sidebar/sidebar.dart,3,144,144,0,0,0,0,0,3,144,144,0
_ViewMoreButton,package:nym_bar/widgets/sidebar/sidebar.dart,3,144,144,0,3,144,144,0,0,0,0,0
RelayStatus,package:nym_bar/services/relay/relay_connection.dart,4,128,128,0,0,0,0,0,4,128,128,0
HeapBytesFfi,package:coinlib/src/secp256k1/heap_ffi.dart,4,128,128,0,0,0,0,0,4,128,128,0
RTCPriorityType,package:webrtc_interface/src/enums.dart,4,128,128,0,0,0,0,0,4,128,128,0
AutoTranslateStatus,package:nym_bar/features/translate/auto_translate.dart,4,128,128,0,0,0,0,0,4,128,128,0
ApiSocket,package:nym_bar/services/api/api_client.dart,1,128,128,0,0,0,0,0,1,128,128,0
DrawCommand,package:vector_graphics_compiler/src/vector_instructions.dart,2,128,128,0,0,0,0,0,2,128,128,0
ShopAvailabilityState,package:nym_bar/features/shop/shop_models.dart,4,128,128,0,0,0,0,0,4,128,128,0
_CollapsibleState,package:nym_bar/features/messages/format/message_content.dart,2,128,128,0,0,0,0,0,2,128,128,0
NymLinkKind,package:nym_bar/services/platform/deep_links.dart,4,128,128,0,0,0,0,0,4,128,128,0
Register25519,package:cryptography/src/dart/ed25519_impl.dart,8,128,128,0,0,0,0,0,8,128,128,0
_NavBtn,package:nym_bar/widgets/chat/chat_pane.dart,2,128,128,0,2,128,128,0,0,0,0,0
LocationPermission,package:geolocator_platform_interface/src/enums/location_permission.dart,4,128,128,0,0,0,0,0,4,128,128,0
UserStatus,package:nym_bar/models/user.dart,4,128,128,0,0,0,0,0,4,128,128,0
RichRunKind,package:nym_bar/widgets/chat/composer_markdown.dart,4,128,128,0,0,0,0,0,4,128,128,0
_HeaderIconButton,package:nym_bar/widgets/columns/columns_deck.dart,2,128,128,0,2,128,128,0,0,0,0,0
PollOption,package:nym_bar/models/poll.dart,4,128,128,0,0,0,0,0,4,128,128,0
PathCommandType,package:vector_graphics_compiler/src/geometry/path.dart,4,128,128,0,0,0,0,0,4,128,128,0
_MobileToggle,package:nym_bar/widgets/chat/chat_pane.dart,2,128,128,0,2,128,128,0,0,0,0,0
SupporterBadge,package:nym_bar/features/shop/shop_widgets.dart,4,128,128,0,0,0,0,0,4,128,128,0
_VpCol,package:nym_bar/features/settings/settings_screen.dart,4,128,128,0,0,0,0,0,4,128,128,0
NoiseSessionState,package:nym_bar/services/mesh/noise/noise_session.dart,4,128,128,0,0,0,0,0,4,128,128,0
AutocompleteKind,package:nym_bar/features/autocomplete/autocomplete_dropdown.dart,4,128,128,0,0,0,0,0,4,128,128,0
_ActionBtn,package:nym_bar/widgets/chat/chat_pane.dart,2,128,128,0,2,128,128,0,0,0,0,0
OtherUsersShopController,package:nym_bar/features/shop/shop_controller.dart,1,128,128,0,0,0,0,0,1,128,128,0
ShopController,package:nym_bar/features/shop/shop_controller.dart,1,128,128,0,0,0,0,0,1,128,128,0
RTCDataChannelState,package:webrtc_interface/src/enums.dart,4,128,128,0,0,0,0,0,4,128,128,0
_PostMountCallbackElement,package:scrollable_positioned_list/src/post_mount_callback.dart,1,128,128,0,0,0,0,0,1,128,128,0
PqBadgeState,package:nym_bar/widgets/chat/crypto_pq_badge.dart,4,128,128,0,0,0,0,0,4,128,128,0
UnboundedViewport,package:scrollable_positioned_list/src/viewport.dart,1,128,128,0,1,128,128,0,0,0,0,0
CommandContext,package:nym_bar/features/commands/command_registry.dart,4,128,128,0,0,0,0,0,4,128,128,0
EventDeduper,package:nym_bar/services/relay/relay_pool.dart,4,128,128,0,0,0,0,0,4,128,128,0
GATTCharacteristicPermissionArgs,package:bluetooth_low_energy_darwin/src/api.g.dart,4,128,128,0,0,0,0,0,4,128,128,0
MessageKind,package:nym_bar/models/message.dart,4,128,128,0,0,0,0,0,4,128,128,0
P2PStatus,package:nym_bar/features/p2p/p2p_models.dart,4,128,128,0,0,0,0,0,4,128,128,0
RTCVideoRenderer,package:flutter_webrtc/src/native/rtc_video_renderer_impl.dart,1,112,112,0,0,0,0,0,1,112,112,0
Secp256k1,package:coinlib/src/secp256k1/secp256k1_io.dart,1,112,112,0,0,0,0,0,1,112,112,0
MeshBridge,package:nym_bar/features/mesh/mesh_bridge.dart,1,112,112,0,0,0,0,0,1,112,112,0
VerifiedBotUser,package:nym_bar/state/app_state.dart,1,112,112,0,0,0,0,0,1,112,112,0
_ScrollablePositionedListState,package:scrollable_positioned_list/src/scrollable_positioned_list.dart,1,112,112,0,0,0,0,0,1,112,112,0
SettingsController,package:nym_bar/state/settings_provider.dart,1,112,112,0,0,0,0,0,1,112,112,0
LiveCustomEmojiNotifier,package:nym_bar/state/app_state.dart,1,112,112,0,0,0,0,0,1,112,112,0
EmojiSentinelController,package:nym_bar/widgets/chat/composer.dart,1,112,112,0,0,0,0,0,1,112,112,0
TutorialSidebarAction,package:nym_bar/features/onboarding/tutorial_overlay.dart,3,96,96,0,0,0,0,0,3,96,96,0
WallpaperFill,package:nym_bar/widgets/wallpaper/wallpaper_layer.dart,3,96,96,0,0,0,0,0,3,96,96,0
GradientUnitMode,package:vector_graphics_compiler/src/paint.dart,3,96,96,0,0,0,0,0,3,96,96,0
_HoverBuilderState,package:nym_bar/features/messages/format/message_content.dart,2,96,96,0,0,0,0,0,2,96,96,0
AudioEvent,package:audioplayers_platform_interface/src/api/audio_event.dart,2,96,96,0,0,0,0,0,2,96,96,0
ViewKind,package:nym_bar/state/app_state.dart,3,96,96,0,0,0,0,0,3,96,96,0
CustomEmojiNode,package:nym_bar/features/messages/format/nym_format.dart,3,96,96,0,0,0,0,0,3,96,96,0
Sidebar,package:nym_bar/widgets/sidebar/sidebar.dart,2,96,96,0,0,0,0,0,2,96,96,0
_ActionBtnState,package:nym_bar/widgets/chat/chat_pane.dart,2,96,96,0,0,0,0,0,2,96,96,0
ChatView,package:nym_bar/state/app_state.dart,3,96,96,0,0,0,0,0,3,96,96,0
_ShellWithTutorialState,package:nym_bar/features/onboarding/boot_gate.dart,1,96,96,0,0,0,0,0,1,96,96,0
PresenceStatusMode,package:nym_bar/services/nostr/nostr_service.dart,3,96,96,0,0,0,0,0,3,96,96,0
MessageZaps,package:nym_bar/state/app_state.dart,2,96,96,0,0,0,0,0,2,96,96,0
_ChatHeaderState,package:nym_bar/widgets/chat/chat_pane.dart,1,96,96,0,0,0,0,0,1,96,96,0
_SendButtonState,package:nym_bar/widgets/chat/composer.dart,1,96,96,0,0,0,0,0,1,96,96,0
Rect,package:vector_graphics_compiler/src/geometry/basic_types.dart,2,96,96,0,0,0,0,0,2,96,96,0
_NavBtnState,package:nym_bar/widgets/chat/chat_pane.dart,2,96,96,0,0,0,0,0,2,96,96,0
StrokeCap,package:vector_graphics_compiler/src/paint.dart,3,96,96,0,0,0,0,0,3,96,96,0
FinderPatternPosition,package:qr_flutter/src/types.dart,3,96,96,0,0,0,0,0,3,96,96,0
SqfliteDatabaseBase,package:sqflite_common/src/database_mixin.dart,1,96,96,0,0,0,0,0,1,96,96,0
SqfileSqlCipherDatabaseImpl,package:sqflite_sqlcipher/src/database_sql_cipher_impl.dart,1,96,96,0,0,0,0,0,1,96,96,0
QrValidationStatus,package:qr_flutter/src/validator.dart,3,96,96,0,0,0,0,0,3,96,96,0
ShareResultStatus,package:share_plus_platform_interface/platform_interface/share_plus_platform.dart,3,96,96,0,0,0,0,0,3,96,96,0
_DeckColumnState,package:nym_bar/widgets/columns/columns_deck.dart,1,96,96,0,0,0,0,0,1,96,96,0
TileMode,package:vector_graphics_compiler/src/paint.dart,3,96,96,0,0,0,0,0,3,96,96,0
GitProvider,package:nym_bar/features/nymbot/nymbot_models.dart,3,96,96,0,0,0,0,0,3,96,96,0
NotificationKind,package:nym_bar/services/notification_service.dart,3,96,96,0,0,0,0,0,3,96,96,0
_CanaryResult,package:nym_bar/features/settings/about_screen.dart,1,96,96,0,0,0,0,0,1,96,96,0
KeyPairType,package:cryptography/src/cryptography/key_pair_type.dart,2,96,96,0,0,0,0,0,2,96,96,0
_ColumnKind,package:nym_bar/widgets/columns/columns_deck.dart,3,96,96,0,0,0,0,0,3,96,96,0
CryptoVerifyState,package:nym_bar/widgets/chat/crypto_verified_badge.dart,3,96,96,0,0,0,0,0,3,96,96,0
SoundWave,package:nym_bar/features/notifications/notification_sounds.dart,3,96,96,0,0,0,0,0,3,96,96,0
FormatToolKind,package:nym_bar/widgets/chat/composer_format.dart,3,96,96,0,0,0,0,0,3,96,96,0
_MobileColumn,package:nym_bar/widgets/columns/columns_deck.dart,1,96,96,0,1,96,96,0,0,0,0,0
ColorOrNone,package:vector_graphics_compiler/src/svg/parser.dart,3,96,96,0,0,0,0,0,3,96,96,0
_ListDisplayDetails,package:scrollable_positioned_list/src/scrollable_positioned_list.dart,2,96,96,0,0,0,0,0,2,96,96,0
_PlaceholderType,package:octo_image/src/image/image_handler.dart,3,96,96,0,0,0,0,0,3,96,96,0
_SectionId,package:nym_bar/widgets/sidebar/sidebar.dart,3,96,96,0,0,0,0,0,3,96,96,0
_HeaderIconButtonState,package:nym_bar/widgets/columns/columns_deck.dart,2,96,96,0,0,0,0,0,2,96,96,0
NSSearchPathDirectory,package:path_provider_foundation/src/ffi_bindings.g.dart,3,96,96,0,0,0,0,0,3,96,96,0
_NymchatAppState,package:nym_bar/app.dart,1,96,96,0,0,0,0,0,1,96,96,0
QuickContextItemColor,package:nym_bar/features/reactions/quick_react_popup.dart,3,96,96,0,0,0,0,0,3,96,96,0
GhostModeController,package:nym_bar/features/mesh/ghost_mode.dart,1,96,96,0,0,0,0,0,1,96,96,0
NotificationPermission,package:nym_bar/services/notification_service.dart,3,96,96,0,0,0,0,0,3,96,96,0
ComposerAttachmentStatus,package:nym_bar/widgets/chat/composer_format.dart,3,96,96,0,0,0,0,0,3,96,96,0
AsyncData,package:riverpod/src/common.dart,2,96,96,0,0,0,0,0,2,96,96,0
EmojiBaselineDrop,package:nym_bar/features/messages/inline_network_image.dart,2,96,96,0,2,96,96,0,0,0,0,0
_AddReactionButtonState,package:nym_bar/widgets/chat/message_row.dart,2,96,96,0,0,0,0,0,2,96,96,0
BasicLock,package:synchronized/src/basic_lock.dart,6,96,96,0,0,0,0,0,6,96,96,0
SqfliteDatabaseOpenHelper,package:sqflite_common/src/database.dart,2,96,96,0,0,0,0,0,2,96,96,0
UUID,package:bluetooth_low_energy_platform_interface/src/uuid.dart,6,96,96,0,2,32,32,0,4,64,64,0
ActiveItems,package:nym_bar/features/shop/shop_models.dart,2,96,96,0,0,0,0,0,2,96,96,0
ColorMode,package:nym_bar/models/settings.dart,3,96,96,0,0,0,0,0,3,96,96,0
DiscoveredEventArgs,package:bluetooth_low_energy_platform_interface/src/event_args.dart,3,96,96,0,1,32,32,0,2,64,64,0
ShopAvailability,package:nym_bar/features/shop/shop_models.dart,3,96,96,0,0,0,0,0,3,96,96,0
HomeShellState,package:nym_bar/screens/home_shell.dart,1,96,96,0,0,0,0,0,1,96,96,0
_MeasuredMaxHeight,package:nym_bar/features/messages/format/message_content.dart,2,96,96,0,2,96,96,0,0,0,0,0
StrokeJoin,package:vector_graphics_compiler/src/paint.dart,3,96,96,0,0,0,0,0,3,96,96,0
SqfliteOpenDatabaseOptions,package:sqflite_common/src/open_options.dart,1,80,80,0,0,0,0,0,1,80,80,0
NostrEvent,package:nym_bar/models/nostr_event.dart,1,80,80,0,0,0,0,0,1,80,80,0
RecentEmojisNotifier,package:nym_bar/state/app_state.dart,1,80,80,0,0,0,0,0,1,80,80,0
GeohashPlaceCache,package:nym_bar/features/channels/geohash_place_cache.dart,1,80,80,0,0,0,0,0,1,80,80,0
IsolateVerifier,package:nym_bar/core/crypto/isolate_verifier.dart,1,80,80,0,0,0,0,0,1,80,80,0
Poll,package:nym_bar/models/poll.dart,1,80,80,0,0,0,0,0,1,80,80,0
PermissionWithService,package:permission_handler_platform_interface/permission_handler_platform_interface.dart,5,80,80,0,0,0,0,0,5,80,80,0
SqfliteSqlCipherOpenDatabaseOptions,package:sqflite_sqlcipher/src/sql_cipher_open_options.dart,1,80,80,0,0,0,0,0,1,80,80,0
_CallOverlayState,package:nym_bar/features/calls/call_overlay.dart,1,80,80,0,0,0,0,0,1,80,80,0
PeripheralManagerImpl,package:bluetooth_low_energy_darwin/src/peripheral_manager_impl.dart,1,80,80,0,0,0,0,0,1,80,80,0
BoldNode,package:nym_bar/features/messages/format/nym_format.dart,4,64,64,0,0,0,0,0,4,64,64,0
TextDecoration,package:vector_graphics_compiler/src/paint.dart,4,64,64,0,0,0,0,0,4,64,64,0
ConnectionStateArgs,package:bluetooth_low_energy_darwin/src/api.g.dart,2,64,64,0,0,0,0,0,2,64,64,0
BotBuyRequestHooks,package:nym_bar/features/nymbot/nymbot_providers.dart,1,64,64,0,0,0,0,0,1,64,64,0
RelativeTimeTicker,package:nym_bar/widgets/chat/relative_time_ticker.dart,1,64,64,0,0,0,0,0,1,64,64,0
FlashedMessageNotifier,package:nym_bar/state/app_state.dart,1,64,64,0,0,0,0,0,1,64,64,0
FileSource,package:flutter_cache_manager/src/result/file_info.dart,2,64,64,0,0,0,0,0,2,64,64,0
_SetupTab,package:nym_bar/features/identity/setup_modal.dart,2,64,64,0,0,0,0,0,2,64,64,0
InteractionHooks,package:nym_bar/widgets/context_menu/interaction_hooks.dart,1,64,64,0,0,0,0,0,1,64,64,0
RateLimitResult,package:nym_bar/features/commands/action_rate_limit.dart,2,64,64,0,0,0,0,0,2,64,64,0
ReleaseMode,package:audioplayers_platform_interface/src/api/release_mode.dart,2,64,64,0,0,0,0,0,2,64,64,0
MeshLinkChange,package:nym_bar/services/mesh/transport/mesh_transport.dart,2,64,64,0,0,0,0,0,2,64,64,0
GiftCreditsHooks,package:nym_bar/widgets/context_menu/interaction_hooks.dart,1,64,64,0,0,0,0,0,1,64,64,0
CallChatDelivery,package:nym_bar/features/calls/call_state.dart,2,64,64,0,0,0,0,0,2,64,64,0
LnurlException,package:nym_bar/features/zaps/lnurl.dart,4,64,64,0,0,0,0,0,4,64,64,0
NotifierProviderImpl,package:riverpod/src/notifier.dart,1,64,64,0,0,0,0,0,1,64,64,0
NotificationHistoryState,package:nym_bar/state/app_state.dart,2,64,64,0,0,0,0,0,2,64,64,0
CreditTier,package:nym_bar/features/nymbot/nymbot_models.dart,2,64,64,0,0,0,0,0,2,64,64,0
CustomEmojiState,package:nym_bar/features/emoji/custom_emoji.dart,2,64,64,0,0,0,0,0,2,64,64,0
AnimationDirection,package:octo_image/src/image/fade_widget.dart,2,64,64,0,0,0,0,0,2,64,64,0
_HoverCloseButton,package:nym_bar/widgets/columns/columns_deck.dart,1,64,64,0,1,64,64,0,0,0,0,0
FutureProvider,package:riverpod/src/future_provider.dart,1,64,64,0,0,0,0,0,1,64,64,0
GATTCharacteristicWriteTypeArgs,package:bluetooth_low_energy_darwin/src/api.g.dart,2,64,64,0,0,0,0,0,2,64,64,0
GitConfig,package:nym_bar/features/nymbot/nymbot_models.dart,1,64,64,0,0,0,0,0,1,64,64,0
BotBalance,package:nym_bar/features/nymbot/nymbot_models.dart,1,64,64,0,0,0,0,0,1,64,64,0
PubkeyFormat,package:nym_bar/core/crypto/key_format.dart,2,64,64,0,0,0,0,0,2,64,64,0
_AddReactionButton,package:nym_bar/widgets/chat/message_row.dart,2,64,64,0,2,64,64,0,0,0,0,0
PqMode,package:nym_bar/features/identity/pq_registry.dart,2,64,64,0,0,0,0,0,2,64,64,0
BackgroundRefreshService,package:nym_bar/services/platform/background_refresh.dart,2,64,64,0,0,0,0,0,2,64,64,0
_SendButton,package:nym_bar/widgets/chat/composer.dart,1,64,64,0,0,0,0,0,1,64,64,0
NotificationService,package:nym_bar/services/notification_service.dart,1,64,64,0,0,0,0,0,1,64,64,0
ShopPreviewBox,package:nym_bar/features/shop/shop_widgets.dart,2,64,64,0,0,0,0,0,2,64,64,0
_PositionedListState,package:scrollable_positioned_list/src/positioned_list.dart,1,64,64,0,0,0,0,0,1,64,64,0
_TabsAction,package:nym_bar/widgets/columns/columns_deck.dart,2,64,64,0,0,0,0,0,2,64,64,0
AffineMatrix,package:vector_graphics_compiler/src/geometry/matrix.dart,1,64,64,0,0,0,0,0,1,64,64,0
Version,package:pub_semver/src/version.dart,1,64,64,0,0,0,0,0,1,64,64,0
_HoverBuilder,package:nym_bar/features/messages/format/message_content.dart,2,64,64,0,2,64,64,0,0,0,0,0
_BootUnlockGateState,package:nym_bar/main.dart,1,64,64,0,0,0,0,0,1,64,64,0
_BootGateState,package:nym_bar/features/onboarding/boot_gate.dart,1,64,64,0,0,0,0,0,1,64,64,0
WallpaperPattern,package:nym_bar/widgets/wallpaper/wallpaper_layer.dart,2,64,64,0,0,0,0,0,2,64,64,0
CallKind,package:nym_bar/features/calls/call_signaling.dart,2,64,64,0,0,0,0,0,2,64,64,0
ConnectionState,package:bluetooth_low_energy_platform_interface/src/connection_state.dart,2,64,64,0,0,0,0,0,2,64,64,0
CssFocusRing,package:nym_bar/widgets/common/css_focus_ring.dart,1,64,64,0,0,0,0,0,1,64,64,0
XmlAttributeType,package:xml/src/xml/enums/attribute_type.dart,2,64,64,0,0,0,0,0,2,64,64,0
CacheStore,package:flutter_cache_manager/src/cache_store.dart,1,64,64,0,0,0,0,0,1,64,64,0
_BoltPainter,package:nym_bar/features/zaps/zap_badge.dart,2,64,64,0,0,0,0,0,2,64,64,0
ChannelRefNode,package:nym_bar/features/messages/format/nym_format.dart,2,64,64,0,0,0,0,0,2,64,64,0
NotifyKind,package:nym_bar/features/notifications/notifications_service.dart,2,64,64,0,0,0,0,0,2,64,64,0
_ChatHeader,package:nym_bar/widgets/chat/chat_pane.dart,1,64,64,0,0,0,0,0,1,64,64,0
CentralManagerImpl,package:bluetooth_low_energy_darwin/src/central_manager_impl.dart,1,64,64,0,0,0,0,0,1,64,64,0
_QuoteBox,package:nym_bar/features/messages/format/message_content.dart,1,64,64,0,1,64,64,0,0,0,0,0
ZapBadge,package:nym_bar/features/zaps/zap_badge.dart,2,64,64,0,2,64,64,0,0,0,0,0
PendingEditNotifier,package:nym_bar/features/autocomplete/pending_edit.dart,1,64,64,0,0,0,0,0,1,64,64,0
ChatPane,package:nym_bar/widgets/chat/chat_pane.dart,1,64,64,0,0,0,0,0,1,64,64,0
_MediaTile,package:nym_bar/features/messages/format/message_content.dart,1,64,64,0,1,64,64,0,0,0,0,0
PaintingStyle,package:vector_graphics_compiler/src/paint.dart,2,64,64,0,0,0,0,0,2,64,64,0
GATTCharacteristicPermission,package:bluetooth_low_energy_platform_interface/src/gatt.dart,2,64,64,0,0,0,0,0,2,64,64,0
SettingsLoadResult,package:nym_bar/services/api/storage_sync.dart,1,64,64,0,0,0,0,0,1,64,64,0
MediaItem,package:nym_bar/features/messages/format/nym_format.dart,2,64,64,0,0,0,0,0,2,64,64,0
_Collapsible,package:nym_bar/features/messages/format/message_content.dart,2,64,64,0,2,64,64,0,0,0,0,0
HeapFfi,package:coinlib/src/secp256k1/heap_ffi.dart,2,64,64,0,0,0,0,0,2,64,64,0
DartChacha20,package:cryptography/src/dart/chacha20.dart,2,64,64,0,0,0,0,0,2,64,64,0
ShopState,package:nym_bar/features/shop/shop_controller.dart,2,64,64,0,0,0,0,0,2,64,64,0
MessageType,package:webrtc_interface/src/enums.dart,2,64,64,0,0,0,0,0,2,64,64,0
AuthBiometric,package:local_auth_darwin/src/messages.g.dart,2,64,64,0,0,0,0,0,2,64,64,0
_PanicHoldDetectorState,package:nym_bar/widgets/sidebar/sidebar.dart,1,64,64,0,0,0,0,0,1,64,64,0
PathFillType,package:vector_graphics_compiler/src/geometry/path.dart,2,64,64,0,0,0,0,0,2,64,64,0
Identity,package:nym_bar/services/nostr/identity_service.dart,1,48,48,0,0,0,0,0,1,48,48,0
_NavTitleHoldState,package:nym_bar/widgets/sidebar/sidebar.dart,1,48,48,0,0,0,0,0,1,48,48,0
NoiseIdentity,package:nym_bar/services/mesh/noise/noise_identity.dart,1,48,48,0,0,0,0,0,1,48,48,0
_ViewMoreButtonState,package:nym_bar/widgets/sidebar/sidebar.dart,1,48,48,0,0,0,0,0,1,48,48,0
ItemPositionsNotifier,package:scrollable_positioned_list/src/item_positions_notifier.dart,3,48,48,0,0,0,0,0,3,48,48,0
Ed25519Point,package:cryptography/src/dart/ed25519_impl.dart,1,48,48,0,0,0,0,0,1,48,48,0
_HoverCloseButtonState,package:nym_bar/widgets/columns/columns_deck.dart,1,48,48,0,0,0,0,0,1,48,48,0
_RegistryImpl,package:pointycastle/src/registry/registry.dart,1,48,48,0,0,0,0,0,1,48,48,0
_FormatInputButtonState,package:nym_bar/widgets/chat/composer_format.dart,1,48,48,0,0,0,0,0,1,48,48,0
AdvertisementImpl,package:bluetooth_low_energy_platform_interface/src/advertisement.dart,1,48,48,0,1,48,48,0,0,0,0,0
MutableGATTCharacteristicImpl,package:bluetooth_low_energy_platform_interface/src/gatt.dart,1,48,48,0,0,0,0,0,1,48,48,0
CosmeticOverlayPainter,package:nym_bar/features/shop/cosmetics.dart,1,48,48,0,1,48,48,0,0,0,0,0
PeripheralImpl,package:bluetooth_low_energy_darwin/src/peripheral_impl.dart,3,48,48,0,1,16,16,0,2,32,32,0
PqPmPlan,package:nym_bar/features/identity/pq_registry.dart,1,48,48,0,0,0,0,0,1,48,48,0
Consumer,package:flutter_riverpod/src/consumer.dart,1,48,48,0,0,0,0,0,1,48,48,0
PostMountCallback,package:scrollable_positioned_list/src/post_mount_callback.dart,1,48,48,0,1,48,48,0,0,0,0,0
_ScrollBottomButtonState,package:nym_bar/widgets/columns/columns_deck.dart,1,48,48,0,0,0,0,0,1,48,48,0
PqDevice,package:nym_bar/features/identity/pq_registry.dart,1,48,48,0,0,0,0,0,1,48,48,0
_RegistryWidgetState,package:scrollable_positioned_list/src/element_registry.dart,1,48,48,0,0,0,0,0,1,48,48,0
_NymValueText,package:nym_bar/widgets/sidebar/sidebar.dart,1,48,48,0,1,48,48,0,0,0,0,0
IdentityVault,package:nym_bar/features/identity/identity_vault.dart,1,48,48,0,0,0,0,0,1,48,48,0
WallpaperPatternPainter,package:nym_bar/widgets/wallpaper/wallpaper_layer.dart,1,48,48,0,0,0,0,0,1,48,48,0
_BlurRevealState,package:nym_bar/features/messages/format/message_content.dart,1,48,48,0,0,0,0,0,1,48,48,0
Config,package:flutter_cache_manager/src/config/_config_io.dart,1,48,48,0,0,0,0,0,1,48,48,0
AdvertisementArgs,package:bluetooth_low_energy_darwin/src/api.g.dart,1,48,48,0,1,48,48,0,0,0,0,0
_HeaderDots,package:nym_bar/widgets/columns/columns_deck.dart,1,48,48,0,1,48,48,0,0,0,0,0
_BlurReveal,package:nym_bar/features/messages/format/message_content.dart,1,48,48,0,1,48,48,0,0,0,0,0
StreamProvider,package:riverpod/src/stream_provider.dart,1,48,48,0,0,0,0,0,1,48,48,0
CacheObjectProvider,package:flutter_cache_manager/src/storage/cache_info_repositories/cache_object_provider.dart,1,48,48,0,0,0,0,0,1,48,48,0
_AmbientGlow,package:nym_bar/screens/home_shell.dart,1,48,48,0,0,0,0,0,1,48,48,0
GroupManager,package:nym_bar/features/groups/group_manager.dart,1,48,48,0,0,0,0,0,1,48,48,0
DefaultCacheManager,package:flutter_cache_manager/src/cache_managers/default_cache_manager.dart,1,48,48,0,0,0,0,0,1,48,48,0
DartPbkdf2,package:cryptography/src/dart/pbkdf2.dart,1,48,48,0,0,0,0,0,1,48,48,0
ShopSvgIcon,package:nym_bar/features/shop/shop_widgets.dart,1,48,48,0,0,0,0,0,1,48,48,0
UncontrolledProviderScope,package:flutter_riverpod/src/framework.dart,1,48,48,0,0,0,0,0,1,48,48,0
StyleWatermarkLayer,package:nym_bar/features/shop/cosmetics.dart,1,48,48,0,1,48,48,0,0,0,0,0
_InheritedRegistryWidget,package:scrollable_positioned_list/src/element_registry.dart,1,48,48,0,1,48,48,0,0,0,0,0
FormatInputButton,package:nym_bar/widgets/chat/composer_format.dart,1,48,48,0,0,0,0,0,1,48,48,0
_MediaGallery,package:nym_bar/features/messages/format/message_content.dart,1,48,48,0,1,48,48,0,0,0,0,0
_TypingIndicatorRowState,package:nym_bar/widgets/chat/typing_indicator.dart,1,48,48,0,0,0,0,0,1,48,48,0
IOSAuthMessages,package:local_auth_darwin/types/auth_messages_ios.dart,1,48,48,0,0,0,0,0,1,48,48,0
SqfliteSqlCipherDatabaseFactoryImpl,package:sqflite_sqlcipher/src/factory_sql_cipher_impl.dart,1,48,48,0,0,0,0,0,1,48,48,0
NymbotService,package:nym_bar/features/nymbot/nymbot_service.dart,1,48,48,0,0,0,0,0,1,48,48,0
DeepLinkService,package:nym_bar/services/platform/deep_links.dart,1,48,48,0,0,0,0,0,1,48,48,0
_PanicHoldDetector,package:nym_bar/widgets/sidebar/sidebar.dart,1,48,48,0,1,48,48,0,0,0,0,0
_NavTitleHold,package:nym_bar/widgets/sidebar/sidebar.dart,1,48,48,0,1,48,48,0,0,0,0,0
SqfliteDatabaseFactoryImpl,package:sqflite_platform_interface/src/factory_platform.dart,1,48,48,0,0,0,0,0,1,48,48,0
RegistryWidget,package:scrollable_positioned_list/src/element_registry.dart,1,48,48,0,1,48,48,0,0,0,0,0
ZapArchive,package:nym_bar/features/zaps/zap_archive.dart,1,48,48,0,0,0,0,0,1,48,48,0
WebHelper,package:flutter_cache_manager/src/web/web_helper.dart,1,48,48,0,0,0,0,0,1,48,48,0
CryptoWorker,package:nym_bar/core/crypto/crypto_worker.dart,1,48,48,0,0,0,0,0,1,48,48,0
SvgTheme,package:flutter_svg/src/loaders.dart,1,32,32,0,0,0,0,0,1,32,32,0
_FriendBadge,package:nym_bar/widgets/chat/chat_pane.dart,1,32,32,0,0,0,0,0,1,32,32,0
_ConnectionStatusIndicator,package:nym_bar/widgets/sidebar/sidebar.dart,1,32,32,0,1,32,32,0,0,0,0,0
IncomingCallModal,package:nym_bar/features/calls/incoming_call.dart,1,32,32,0,0,0,0,0,1,32,32,0
AudioLogLevel,package:audioplayers/src/audio_log_level.dart,1,32,32,0,0,0,0,0,1,32,32,0
_TranslatingIndicator,package:nym_bar/widgets/sidebar/sidebar.dart,1,32,32,0,0,0,0,0,1,32,32,0
_MeshStatusIndicator,package:nym_bar/widgets/sidebar/sidebar.dart,1,32,32,0,1,32,32,0,0,0,0,0
_SidebarActions,package:nym_bar/widgets/sidebar/sidebar.dart,1,32,32,0,1,32,32,0,0,0,0,0
WallpaperLayer,package:nym_bar/widgets/wallpaper/wallpaper_layer.dart,1,32,32,0,0,0,0,0,1,32,32,0
NymchatApp,package:nym_bar/app.dart,1,32,32,0,0,0,0,0,1,32,32,0
CallOverlay,package:nym_bar/features/calls/call_overlay.dart,1,32,32,0,0,0,0,0,1,32,32,0
GeohashExplorer,package:nym_bar/features/globe/geohash_explorer.dart,1,32,32,0,0,0,0,0,1,32,32,0
NickEditModal,package:nym_bar/features/identity/nick_edit_modal.dart,1,32,32,0,0,0,0,0,1,32,32,0
VaultSettingsModal,package:nym_bar/features/identity/vault_settings_modal.dart,1,32,32,0,0,0,0,0,1,32,32,0
MeshScreen,package:nym_bar/features/mesh/mesh_screen.dart,1,32,32,0,0,0,0,0,1,32,32,0
_NotifToggles,package:nym_bar/features/notifications/notifications_panel.dart,1,32,32,0,0,0,0,0,1,32,32,0
BootGate,package:nym_bar/features/onboarding/boot_gate.dart,1,32,32,0,0,0,0,0,1,32,32,0
_ShellWithTutorial,package:nym_bar/features/onboarding/boot_gate.dart,1,32,32,0,0,0,0,0,1,32,32,0
NewPmModal,package:nym_bar/features/pms/new_pm_modal.dart,1,32,32,0,0,0,0,0,1,32,32,0
PollCreateModal,package:nym_bar/features/polls/poll_create_modal.dart,1,32,32,0,0,0,0,0,1,32,32,0
RelayStatsModal,package:nym_bar/features/relays/relay_stats_modal.dart,1,32,32,0,0,0,0,0,1,32,32,0
ShopModal,package:nym_bar/features/shop/shop_modal.dart,1,32,32,0,0,0,0,0,1,32,32,0
_BootUnlockGate,package:nym_bar/main.dart,1,32,32,0,0,0,0,0,1,32,32,0
HomeShell,package:nym_bar/screens/home_shell.dart,1,32,32,0,0,0,0,0,1,32,32,0
Composer,package:nym_bar/widgets/chat/composer.dart,1,32,32,0,0,0,0,0,1,32,32,0
MessagesList,package:nym_bar/widgets/chat/messages_list.dart,1,32,32,0,0,0,0,0,1,32,32,0
ColumnsDeck,package:nym_bar/widgets/columns/columns_deck.dart,1,32,32,0,0,0,0,0,1,32,32,0
DevNsecModal,package:nym_bar/features/identity/dev_nsec_modal.dart,1,32,32,0,0,0,0,0,1,32,32,0
_ScrollBottomButton,package:nym_bar/widgets/columns/columns_deck.dart,1,32,32,0,1,32,32,0,0,0,0,0
TranslatedMessages,package:nym_bar/features/translate/translated_messages.dart,1,32,32,0,0,0,0,0,1,32,32,0
AppLinksMethodChannel,package:app_links_platform_interface/app_links_method_channel.dart,1,32,32,0,0,0,0,0,1,32,32,0
LocalAuthDarwin,package:local_auth_darwin/local_auth_darwin.dart,1,32,32,0,0,0,0,0,1,32,32,0
PathProviderFoundation,package:path_provider_foundation/src/path_provider_foundation_real.dart,1,32,32,0,0,0,0,0,1,32,32,0
ReceiveSharingIntentMobile,package:receive_sharing_intent/src/receive_sharing_intent_mobile.dart,1,32,32,0,0,0,0,0,1,32,32,0
SensitiveBytes,package:cryptography/src/cryptography/sensitive_bytes.dart,1,32,32,0,0,0,0,0,1,32,32,0
CentralManagerHostApi,package:bluetooth_low_energy_darwin/src/api.g.dart,1,32,32,0,0,0,0,0,1,32,32,0
PeripheralManagerHostApi,package:bluetooth_low_energy_darwin/src/api.g.dart,1,32,32,0,0,0,0,0,1,32,32,0
ShopLegendaryRibbon,package:nym_bar/features/shop/shop_widgets.dart,1,32,32,0,0,0,0,0,1,32,32,0
DartAesGcm,package:cryptography/src/dart/aes_gcm.dart,1,32,32,0,0,0,0,0,1,32,32,0
RTCVideoViewObjectFit,package:webrtc_interface/src/enums.dart,1,32,32,0,0,0,0,0,1,32,32,0
DartEd25519,package:cryptography/src/dart/ed25519.dart,1,32,32,0,0,0,0,0,1,32,32,0
_AwaitingMeshRangeNotice,package:nym_bar/widgets/chat/chat_pane.dart,1,32,32,0,0,0,0,0,1,32,32,0
SecretKeyData,package:cryptography/src/cryptography/secret_key.dart,1,32,32,0,0,0,0,0,1,32,32,0
LocalDirectory,package:file/src/backends/local/local_directory.dart,1,32,32,0,0,0,0,0,1,32,32,0
_GlyphTilePainter,package:nym_bar/features/shop/cosmetics.dart,1,32,32,0,1,32,32,0,0,0,0,0
_AmbientGlowPainter,package:nym_bar/screens/home_shell.dart,1,32,32,0,0,0,0,0,1,32,32,0
IOFileSystem,package:flutter_cache_manager/src/storage/file_system/file_system_io.dart,1,32,32,0,0,0,0,0,1,32,32,0
HttpFileService,package:flutter_cache_manager/src/web/file_service.dart,1,32,32,0,0,0,0,0,1,32,32,0
RenderingStrategy,package:vector_graphics/src/vector_graphics.dart,1,32,32,0,0,0,0,0,1,32,32,0
ConflictAlgorithm,package:sqflite_common/src/sql_builder.dart,1,32,32,0,0,0,0,0,1,32,32,0
Cache,package:flutter_svg/src/cache.dart,1,32,32,0,0,0,0,0,1,32,32,0
QrDataModuleShape,package:qr_flutter/src/types.dart,1,32,32,0,0,0,0,0,1,32,32,0
QrEyeShape,package:qr_flutter/src/types.dart,1,32,32,0,0,0,0,0,1,32,32,0
ConstantCharPredicate,package:petitparser/src/parser/character/predicate/constant.dart,2,32,32,0,0,0,0,0,2,32,32,0
RTCVideoValue,package:webrtc_interface/src/rtc_video_renderer.dart,1,32,32,0,0,0,0,0,1,32,32,0
LocationSettings,package:geolocator_platform_interface/src/models/location_settings.dart,1,32,32,0,0,0,0,0,1,32,32,0
LocalAuthApi,package:local_auth_darwin/src/messages.g.dart,1,32,32,0,0,0,0,0,1,32,32,0
TriggerMatch,package:nym_bar/features/autocomplete/autocomplete_triggers.dart,1,32,32,0,0,0,0,0,1,32,32,0
ActionCommandRateLimiter,package:nym_bar/features/commands/action_rate_limit.dart,1,32,32,0,0,0,0,0,1,32,32,0
CommandDispatcher,package:nym_bar/features/commands/command_handler.dart,1,32,32,0,0,0,0,0,1,32,32,0
CommandAliases,package:nym_bar/features/commands/command_i18n.dart,1,32,32,0,0,0,0,0,1,32,32,0
GeoView,package:nym_bar/features/globe/geo_projection.dart,1,32,32,0,0,0,0,0,1,32,32,0
UiLanguageOption,package:nym_bar/features/i18n/language_select.dart,1,32,32,0,0,0,0,0,1,32,32,0
PqRegistry,package:nym_bar/features/identity/pq_registry.dart,1,32,32,0,0,0,0,0,1,32,32,0
GhostState,package:nym_bar/features/mesh/ghost_mode.dart,1,32,32,0,0,0,0,0,1,32,32,0
MediaBlock,package:nym_bar/features/messages/format/nym_format.dart,2,32,32,0,0,0,0,0,2,32,32,0
InlineCodeNode,package:nym_bar/features/messages/format/nym_format.dart,2,32,32,0,0,0,0,0,2,32,32,0
CacheManagerLogLevel,package:flutter_cache_manager/src/logger.dart,1,32,32,0,0,0,0,0,1,32,32,0
Fill,package:vector_graphics_compiler/src/paint.dart,1,32,32,0,0,0,0,0,1,32,32,0
Point,package:vector_graphics_compiler/src/geometry/basic_types.dart,1,32,32,0,0,0,0,0,1,32,32,0
MessagingSettings,package:nym_bar/services/nostr/nostr_service.dart,1,32,32,0,0,0,0,0,1,32,32,0
LocalSigner,package:nym_bar/services/nostr/event_signer.dart,1,32,32,0,0,0,0,0,1,32,32,0
FoundationFFI,package:path_provider_foundation/src/ffi_bindings.g.dart,1,32,32,0,0,0,0,0,1,32,32,0
_PathOffset,package:path_parsing/src/path_parsing.dart,1,32,32,0,0,0,0,0,1,32,32,0
_TabsResult,package:nym_bar/widgets/columns/columns_deck.dart,1,32,32,0,0,0,0,0,1,32,32,0
MessageListScroller,package:nym_bar/widgets/chat/messages_list.dart,1,32,32,0,0,0,0,0,1,32,32,0
MeshChannelEncryption,package:nym_bar/services/mesh/noise/channel_encryption.dart,1,32,32,0,0,0,0,0,1,32,32,0
DecodeResponse,package:vector_graphics_codec/vector_graphics_codec.dart,1,32,32,0,0,0,0,0,1,32,32,0
GATTCharacteristicWriteType,package:bluetooth_low_energy_platform_interface/src/gatt.dart,1,32,32,0,0,0,0,0,1,32,32,0
VisibilityInfo,package:visibility_detector/src/visibility_detector.dart,1,32,32,0,0,0,0,0,1,32,32,0
GlobalAudioEventType,package:audioplayers_platform_interface/src/api/global_audio_event.dart,1,32,32,0,0,0,0,0,1,32,32,0
MeshAvatarRegistry,package:nym_bar/services/mesh/mesh_avatar_registry.dart,1,32,32,0,0,0,0,0,1,32,32,0
LocationAccuracy,package:geolocator_platform_interface/src/enums/location_accuracy.dart,1,32,32,0,0,0,0,0,1,32,32,0
ReentrantLock,package:synchronized/src/reentrant_lock.dart,2,32,32,0,0,0,0,0,2,32,32,0
SeenPackets,package:nym_bar/services/mesh/dedup.dart,1,32,32,0,0,0,0,0,1,32,32,0
_ZapBadgeShock,package:nym_bar/features/zaps/zap_badge.dart,1,32,32,0,0,0,0,0,1,32,32,0
_NamedLock,package:sqflite_common/src/factory_mixin.dart,2,32,32,0,0,0,0,0,2,32,32,0
SystemActionKind,package:nym_bar/models/message.dart,1,32,32,0,0,0,0,0,1,32,32,0
_ReactionRateTracker,package:nym_bar/state/nostr_controller.dart,1,32,32,0,0,0,0,0,1,32,32,0
NostrHandlers,package:nym_bar/services/nostr/nostr_service.dart,1,32,32,0,0,0,0,0,1,32,32,0
QrDataModuleStyle,package:qr_flutter/src/types.dart,1,32,32,0,0,0,0,0,1,32,32,0
KeyValueStore,package:nym_bar/services/storage/key_value_store.dart,2,32,32,0,0,0,0,0,2,32,32,0
_OwnedBadge,package:nym_bar/features/shop/shop_modal.dart,1,32,32,0,0,0,0,0,1,32,32,0
CacheStore,package:nym_bar/services/storage/cache_store.dart,1,32,32,0,0,0,0,0,1,32,32,0
PoolOk,package:nym_bar/services/relay/relay_pool_proxy.dart,1,32,32,0,1,32,32,0,0,0,0,0
RadialWash,package:nym_bar/features/shop/cosmetics.dart,1,32,32,0,0,0,0,0,1,32,32,0
BackgroundConnectivityService,package:nym_bar/services/platform/background_connectivity.dart,1,32,32,0,0,0,0,0,1,32,32,0
QrEyeStyle,package:qr_flutter/src/types.dart,1,32,32,0,0,0,0,0,1,32,32,0
ShareIntake,package:nym_bar/features/share/share_intake.dart,1,32,32,0,0,0,0,0,1,32,32,0
LandingChannel,package:nym_bar/features/settings/settings_helpers.dart,1,32,32,0,0,0,0,0,1,32,32,0
_AsyncSemaphore,package:nym_bar/services/nostr/nostr_service.dart,1,32,32,0,0,0,0,0,1,32,32,0
ActiveThread,package:nym_bar/state/app_state.dart,1,32,32,0,0,0,0,0,1,32,32,0
MediaFallbacksRegistry,package:nym_bar/features/messages/media_fallbacks.dart,1,16,16,0,0,0,0,0,1,16,16,0
FloodTracker,package:nym_bar/features/messages/flood_tracker.dart,1,16,16,0,0,0,0,0,1,16,16,0
MeshDiagnostics,package:nym_bar/features/mesh/mesh_diagnostics.dart,1,16,16,0,0,0,0,0,1,16,16,0
SecureStoreAdapter,package:nym_bar/features/identity/identity_vault.dart,1,16,16,0,0,0,0,0,1,16,16,0
ShopException,package:nym_bar/features/shop/shop_controller.dart,1,16,16,0,0,0,0,0,1,16,16,0
EmojiRecentsStore,package:nym_bar/features/emoji/emoji_data.dart,1,16,16,0,0,0,0,0,1,16,16,0
TranslateException,package:nym_bar/features/translate/translate_service.dart,1,16,16,0,0,0,0,0,1,16,16,0
MlKem768,package:nym_bar/core/crypto/ml_kem.dart,1,16,16,0,0,0,0,0,1,16,16,0
LocationServiceDisabledException,package:geolocator_platform_interface/src/errors/location_service_disabled_exception.dart,1,16,16,0,0,0,0,0,1,16,16,0
AlreadySubscribedException,package:geolocator_platform_interface/src/errors/already_subscribed_exception.dart,1,16,16,0,0,0,0,0,1,16,16,0
FragmentReassembler,package:nym_bar/services/mesh/fragmentation.dart,1,16,16,0,0,0,0,0,1,16,16,0
Svg,package:flutter_svg/svg.dart,1,16,16,0,0,0,0,0,1,16,16,0
FlutterLocalNotificationsPlugin,package:flutter_local_notifications/src/flutter_local_notifications_plugin.dart,1,16,16,0,0,0,0,0,1,16,16,0
CacheLogger,package:flutter_cache_manager/src/logger.dart,1,16,16,0,0,0,0,0,1,16,16,0
RichMarkerDeleteFormatter,package:nym_bar/widgets/chat/composer_markdown.dart,1,16,16,0,0,0,0,0,1,16,16,0
LocalFileSystem,package:file/src/backends/local/local_file_system.dart,1,16,16,0,0,0,0,0,1,16,16,0
_ConstantTimeBytesEquality,package:cryptography/src/helpers/constant_time_equality.dart,1,16,16,0,0,0,0,0,1,16,16,0
Mac,package:cryptography/src/cryptography/mac.dart,1,16,16,0,0,0,0,0,1,16,16,0
NostrControllerDeepLinkTarget,package:nym_bar/services/platform/deep_link_target.dart,1,16,16,0,0,0,0,0,1,16,16,0
DartCryptography,package:cryptography/src/dart/cryptography.dart,1,16,16,0,0,0,0,0,1,16,16,0
PoolPing,package:nym_bar/services/relay/relay_pool_proxy.dart,1,16,16,0,0,0,0,0,1,16,16,0
DartX25519,package:cryptography/src/dart/x25519.dart,1,16,16,0,0,0,0,0,1,16,16,0
DartSha512,package:cryptography/src/dart/sha512.dart,1,16,16,0,0,0,0,0,1,16,16,0
SecureStore,package:nym_bar/services/storage/secure_store.dart,1,16,16,0,0,0,0,0,1,16,16,0
DartSha256,package:cryptography/src/dart/sha256.dart,1,16,16,0,0,0,0,0,1,16,16,0
_CommandEngineAdapter,package:nym_bar/state/nostr_controller.dart,1,16,16,0,0,0,0,0,1,16,16,0
DartHChacha20,package:cryptography/src/dart/hchacha20.dart,1,16,16,0,0,0,0,0,1,16,16,0
Bech32Codec,package:bech32/src/bech32.dart,1,16,16,0,0,0,0,0,1,16,16,0
_PigeonCodec,package:local_auth_darwin/src/messages.g.dart,1,16,16,0,0,0,0,0,1,16,16,0
_PigeonCodec,package:bluetooth_low_energy_darwin/src/api.g.dart,1,16,16,0,0,0,0,0,1,16,16,0
PeripheralArgs,package:bluetooth_low_energy_darwin/src/api.g.dart,1,16,16,0,1,16,16,0,0,0,0,0
PathProviderPlatformProvider,package:path_provider_foundation/src/path_provider_foundation_real.dart,1,16,16,0,0,0,0,0,1,16,16,0
TranslateService,package:nym_bar/features/translate/translate_service.dart,1,16,16,0,0,0,0,0,1,16,16,0
WhitespaceCharPredicate,package:petitparser/src/parser/character/predicate/whitespace.dart,1,16,16,0,0,0,0,0,1,16,16,0
Register64List,package:pointycastle/src/ufixnum.dart,1,16,16,0,0,0,0,0,1,16,16,0
GeolocatorApple,package:geolocator_apple/src/geolocator_apple.dart,1,16,16,0,0,0,0,0,1,16,16,0
IOSFlutterLocalNotificationsPlugin,package:flutter_local_notifications/src/platform_flutter_local_notifications.dart,1,16,16,0,0,0,0,0,1,16,16,0
_Empty,package:rxdart/src/utils/empty.dart,1,16,16,0,0,0,0,0,1,16,16,0
ItemScrollController,package:scrollable_positioned_list/src/scrollable_positioned_list.dart,1,16,16,0,0,0,0,0,1,16,16,0
FilePickerIO,package:file_picker/src/file_picker_io.dart,1,16,16,0,0,0,0,0,1,16,16,0
PeripheralManagerChannelImpl,package:bluetooth_low_energy_darwin/src/peripheral_manager_impl.dart,1,16,16,0,0,0,0,0,1,16,16,0
CentralManagerChannelImpl,package:bluetooth_low_energy_darwin/src/central_manager_impl.dart,1,16,16,0,0,0,0,0,1,16,16,0
UnicodeGlyphSet,package:term_glyph/src/generated/unicode_glyph_set.dart,1,16,16,0,0,0,0,0,1,16,16,0
AppLinks,package:app_links/src/app_links.dart,1,16,16,0,0,0,0,0,1,16,16,0
_EmptyNode,package:vector_graphics_compiler/src/svg/node.dart,1,16,16,0,0,0,0,0,1,16,16,0
CryptoRNG,package:uuid/rng.dart,1,16,16,0,0,0,0,0,1,16,16,0
Uuid,package:uuid/uuid.dart,1,16,16,0,0,0,0,0,1,16,16,0
_DefaultPictureFactory,package:vector_graphics/src/listener.dart,1,16,16,0,0,0,0,0,1,16,16,0
VectorGraphicUtilities,package:vector_graphics/src/vector_graphics.dart,1,16,16,0,0,0,0,0,1,16,16,0
DartHmac,package:cryptography/src/dart/hmac.dart,1,16,16,0,0,0,0,0,1,16,16,0
VectorGraphicsCodec,package:vector_graphics_codec/vector_graphics_codec.dart,1,16,16,0,0,0,0,0,1,16,16,0
DartChacha20Poly1305AeadMacAlgorithm,package:cryptography/src/dart/chacha20_poly1305_aead_mac_algorithm.dart,1,16,16,0,0,0,0,0,1,16,16,0
CloseCommand,package:vector_graphics_compiler/src/geometry/path.dart,1,16,16,0,0,0,0,0,1,16,16,0
_DartXchacha20Poly1305AeadMacAlgorithm,package:cryptography/src/dart/xchacha20.dart,1,16,16,0,0,0,0,0,1,16,16,0
DartGcm,package:cryptography/src/dart/aes_gcm.dart,1,16,16,0,0,0,0,0,1,16,16,0
VisibilityDetectorController,package:visibility_detector/src/visibility_detector_controller.dart,1,16,16,0,0,0,0,0,1,16,16,0
TextDataReceived,package:web_socket/src/web_socket.dart,1,16,16,0,1,16,16,0,0,0,0,0
_EmptyMacAlgorithm,package:cryptography/src/cryptography/mac_algorithm.dart,1,16,16,0,0,0,0,0,1,16,16,0
XmlDefaultEntityMapping,package:xml/src/xml/entities/default_mapping.dart,1,16,16,0,0,0,0,0,1,16,16,0
Clock,package:clock/src/clock.dart,1,16,16,0,0,0,0,0,1,16,16,0
